1,Bronnie,Le Leu,M,50,107-956-5776,bleleu0@devhub.com
2,Yoko,Ferrarello,F,13,984-874-3868,yferrarello1@wikia.com
3,Darren,Chevin,M,19,306-639-4380,dchevin2@imdb.com
4,Allen,Aggus,M,97,862-218-0570,aaggus3@dedecms.com
5,Leda,Pay,F,78,220-519-0562,lpay4@smugmug.com
6,Shellie,Igoe,F,65,167-607-7163,sigoe5@printfriendly.com
7,Elton,Reppaport,M,29,784-328-3873,ereppaport6@gnu.org
8,Skippie,Prosser,M,13,436-739-9680,sprosser7@upenn.edu
9,Dona,Stace,F,83,963-972-6222,dstace8@salon.com
10,Giorgia,McCormack,F,70,887-303-9427,gmccormack9@xing.com
11,Cherye,Foley,F,33,475-222-4647,cfoleya@wordpress.com
12,Marcelline,Arlidge,F,79,938-500-6292,marlidgeb@wiley.com
13,Avis,McGonigal,F,27,458-909-9106,amcgonigalc@theguardian.com
14,Delmor,Cattermull,M,15,795-196-8050,dcattermulld@edublogs.org
15,Roosevelt,O'Dulchonta,M,56,702-174-2433,rodulchontae@whitehouse.gov
16,Rayna,Ruthen,F,54,751-824-2139,rruthenf@moonfruit.com
17,Ingra,Chewter,M,88,767-937-2426,ichewterg@friendfeed.com
18,Flore,Goodrick,F,30,824-629-1281,fgoodrickh@ucoz.ru
19,Jerrine,Shirlaw,F,8,180-269-6756,jshirlawi@nasa.gov
20,Hestia,Van Cassel,F,43,965-677-8261,hvancasselj@live.com
21,Cara,Cowsby,F,76,970-563-4618,ccowsbyk@miibeian.gov.cn
22,Morey,Garnul,M,59,868-672-4855,mgarnull@mit.edu
23,Mitchael,Churms,M,99,670-939-4827,mchurmsm@merriam-webster.com
24,Dottie,Larvin,F,80,900-276-0895,dlarvinn@boston.com
25,Nanci,Barkway,F,55,407-676-6712,nbarkwayo@moonfruit.com
26,Tuckie,Bern,M,2,323-648-9692,tbernp@psu.edu
27,Lory,Fenners,F,12,985-541-3057,lfennersq@1und1.de
28,Coretta,Witherop,F,87,263-287-9067,cwitheropr@1und1.de
29,Walliw,Swafford,F,23,844-795-2144,wswaffords@eventbrite.com
30,Rozamond,Barbrook,F,93,977-827-5776,rbarbrookt@seesaa.net
31,Cordula,Cudiff,F,74,814-249-7929,ccudiffu@nyu.edu
32,Lotte,McKimmie,F,14,629-800-5664,lmckimmiev@seesaa.net
33,Sybyl,Scurlock,F,87,714-969-0008,sscurlockw@youtu.be
34,Neel,Kirmond,M,40,321-488-9299,nkirmondx@craigslist.org
35,Wyatt,Aizikovitch,M,18,328-957-9506,waizikovitchy@dmoz.org
36,Latisha,Stanger,F,28,897-311-2774,lstangerz@odnoklassniki.ru
37,Coral,Tarbin,F,39,733-127-9978,ctarbin10@sbwire.com
38,Kerwin,Lavin,M,38,182-865-5935,klavin11@meetup.com
39,Tadeo,Figura,M,46,492-174-0274,tfigura12@va.gov
40,Parnell,Weild,M,60,580-928-3832,pweild13@jugem.jp
41,Filia,Cantillion,F,10,815-927-5867,fcantillion14@mapy.cz
42,Kay,Gostridge,F,74,512-663-9179,kgostridge15@hostgator.com
43,Sanders,Rewcastle,M,17,753-130-2403,srewcastle16@webnode.com
44,Christie,Wahner,F,95,513-448-7025,cwahner17@facebook.com
45,Jackquelin,Duerdin,F,30,875-182-5925,jduerdin18@constantcontact.com
46,Rusty,Joire,M,56,436-170-5859,rjoire19@behance.net
47,Pasquale,De Goey,M,98,832-763-7883,pdegoey1a@hao123.com
48,Peyter,Cheshire,M,50,144-142-0674,pcheshire1b@google.com
49,Sisile,Pellman,F,12,585-727-7507,spellman1c@delicious.com
50,Hilton,Pragnell,M,98,662-771-4840,hpragnell1d@nymag.com
51,Redd,Gotling,M,88,330-382-3747,rgotling1e@google.ru
52,Robinette,McClymond,F,9,544-765-7559,rmcclymond1f@illinois.edu
53,Nahum,Cotes,M,48,317-143-1350,ncotes1g@studiopress.com
54,Kamilah,Banat,F,95,264-922-5872,kbanat1h@yellowpages.com
55,Rosene,Syson,F,69,894-628-5032,rsyson1i@earthlink.net
56,Morgen,Enterlein,M,1,806-812-9672,menterlein1j@telegraph.co.uk
57,Reinhard,Agglione,M,40,429-153-3041,ragglione1k@bloomberg.com
58,Giralda,Leitch,F,70,780-531-2414,gleitch1l@nyu.edu
59,Corrine,Barneville,F,55,160-330-3583,cbarneville1m@bravesites.com
60,Corrine,Doud,F,91,411-938-1573,cdoud1n@wunderground.com
61,Kelli,Iannazzi,F,57,335-528-7557,kiannazzi1o@ox.ac.uk
62,Cindie,Vasyagin,F,33,863-243-9066,cvasyagin1p@hatena.ne.jp
63,Matthus,Scougall,M,70,217-241-0471,mscougall1q@theguardian.com
64,Alyss,Fantin,F,3,348-603-7611,afantin1r@blog.com
65,Worden,Raspin,M,46,418-991-3562,wraspin1s@github.io
66,Emanuel,Byrth,M,82,360-554-4904,ebyrth1t@networksolutions.com
67,Eda,Weighell,F,57,195-623-6995,eweighell1u@canalblog.com
68,Orbadiah,Corbally,M,9,701-515-4495,ocorbally1v@topsy.com
69,Dianna,Stackbridge,F,40,932-683-4155,dstackbridge1w@timesonline.co.u
70,Joyous,Morl,F,74,487-195-5827,jmorl1x@surveymonkey.com
71,Blondy,McCaughren,F,12,441-213-2141,bmccaughren1y@cbsnews.com
72,Augusto,Blanko,M,62,850-676-2078,ablanko1z@paypal.com
73,Adrianna,Burgwin,F,94,909-277-0457,aburgwin20@theguardian.com
74,Marlowe,Rudledge,M,87,936-418-5329,mrudledge21@feedburner.com
75,Raoul,McCluin,M,29,286-515-7092,rmccluin22@mysql.com
76,Georgiana,Weeds,F,72,306-614-5313,gweeds23@uiuc.edu
77,Valencia,Theakston,F,19,846-262-8307,vtheakston24@flickr.com
78,Dotti,Sandells,F,93,786-764-2930,dsandells25@flavors.me
79,Marchelle,Esposito,F,61,231-578-8677,mesposito26@guardian.co.uk
80,Sanderson,Salan,M,61,311-618-7292,ssalan27@ucla.edu
81,Benedetta,Zaniolini,F,45,804-405-1055,bzaniolini28@usda.gov
82,Megen,Sleep,F,42,957-510-6834,msleep29@sphinn.com
83,Bennie,Swannell,F,17,963-265-4085,bswannell2a@answers.com
84,Shalne,Dyton,F,1,855-770-5312,sdyton2b@goodreads.com
85,Micheil,Kite,M,98,692-481-2319,mkite2c@reference.com
86,Raf,Jerger,F,71,980-889-3984,rjerger2d@bloglines.com
87,Tabby,Drivers,M,28,444-742-7479,tdrivers2e@msn.com
88,Auria,O'Gready,F,71,111-401-7730,aogready2f@parallels.com
89,Vinny,Maylam,M,72,149-369-4933,vmaylam2g@unicef.org
90,Annemarie,Tolcher,F,51,355-446-4450,atolcher2h@reference.com
91,Editha,Morrant,F,79,463-742-2762,emorrant2i@github.com
92,Kathi,Coolahan,F,66,137-159-4995,kcoolahan2j@tamu.edu
93,Adiana,Mulqueeny,F,6,297-492-8421,amulqueeny2k@com.com
94,Amby,Gut,M,90,733-765-2760,agut2l@google.ca
95,Patti,Geekin,F,34,736-539-7537,pgeekin2m@nasa.gov
96,Hebert,Busk,M,92,705-330-0521,hbusk2n@google.com.au
97,Angus,Cromwell,M,12,212-444-8175,acromwell2o@people.com.cn
98,Cullin,Hampe,M,43,360-675-0017,champe2p@sun.com
99,Henrik,Lyall,M,99,278-452-6875,hlyall2q@a8.net
100,Ardene,Feld,F,19,505-471-7315,afeld2r@list-manage.com
