1,Maitilde,Skillington,Female,5,495 539 2887,mskillington0@telegraph.co.uk,3/26/2019
2,Sidnee,McCay,Male,78,512 936 6830,smccay1@google.com.br,7/3/2018
3,Grange,Sayse,Male,50,615 679 6945,gsayse2@weebly.com,2/25/2019
4,Merline,Goodison,Female,73,778 366 8235,mgoodison3@zimbio.com,7/8/2018
5,Hildagard,Maffiotti,Female,8,635 160 2216,hmaffiotti4@about.me,4/5/2019
6,Robbyn,Legrice,Female,42,299 416 8352,rlegrice5@java.com,2/14/2019
7,Agustin,Lafaye,Male,92,106 695 4334,alafaye6@umn.edu,12/15/2018
8,Gui,Gurr,Female,4,504 843 3696,ggurr7@globo.com,10/14/2018
9,Flora,Rudge,Female,89,105 236 4636,frudge8@amazon.de,7/27/2018
10,Sonny,Wychard,Male,79,719 118 3496,swychard9@uiuc.edu,1/9/2019
11,Carol,Priter,Female,9,167 537 8592,cpritera@census.gov,4/28/2019
12,Isa,McKniely,Female,11,991 593 4693,imcknielyb@nytimes.com,12/12/2018
13,Tommy,McGilvra,Female,27,245 375 3240,tmcgilvrac@admin.ch,12/11/2018
14,Teirtza,Vaux,Female,61,833 361 7248,tvauxd@google.co.jp,2/6/2019
15,Emmy,Dubock,Female,18,159 275 4161,edubocke@webs.com,6/11/2019
16,Lucina,Dullard,Female,94,941 576 4844,ldullardf@blogs.com,11/12/2018
17,Alecia,Whicher,Female,59,809 661 1493,awhicherg@ucoz.com,4/19/2019
18,Jasen,Leaman,Male,66,925 349 5750,jleamanh@telegraph.co.uk,8/4/2018
19,Trefor,Shildrake,Male,45,781 682 8736,tshildrakei@qq.com,8/11/2018
20,Derwin,Upham,Male,21,941 953 7417,duphamj@clickbank.net,9/7/2018
21,Julie,Barnewell,Male,12,532 834 3916,jbarnewellk@paginegialle.it,6/5/2019
22,Kile,Creaney,Male,43,853 177 2924,kcreaneyl@theatlantic.com,8/1/2018
23,Giana,Brambill,Female,9,711 464 3897,gbrambillm@dedecms.com,8/8/2018
24,Garland,Bonhill,Female,18,669 137 0604,gbonhilln@ifeng.com,5/8/2019
25,Edsel,Holtom,Male,35,516 966 4560,eholtomo@washington.edu,12/22/2018
26,Teddi,Hosten,Female,98,960 365 8276,thostenp@imageshack.us,12/17/2018
27,Mildred,Baddiley,Female,59,692 347 8659,mbaddileyq@blogspot.com,12/4/2018
28,Sheilakathryn,Raubenheim,Female,64,368 620 3870,sraubenheimr@geocities.com,3/4/2019
29,Patton,Baynham,Male,26,905 174 0866,pbaynhams@biblegateway.com,7/17/2018
30,Traver,Heartfield,Male,49,914 814 3444,theartfieldt@51.la,6/8/2019
31,Haslett,Iacovacci,Male,28,639 739 7459,hiacovacciu@cargocollective.com,10/17/2018
32,Pate,Eydel,Male,86,489 613 9960,peydelv@bbc.co.uk,9/9/2018
33,Joellen,Ableson,Female,82,458 973 0250,jablesonw@paginegialle.it,11/1/2018
34,Asa,Kalinke,Male,11,922 295 4079,akalinkex@mac.com,7/24/2018
35,Lorianna,Esbrook,Female,65,645 443 7475,lesbrooky@example.com,2/22/2019
36,Adamo,Eriksson,Male,33,514 679 3119,aerikssonz@slashdot.org,7/30/2018
37,Beauregard,Cote,Male,24,300 634 5236,bcote10@ezinearticles.com,5/28/2019
38,Kirsteni,Gottelier,Female,49,794 689 6556,kgottelier11@angelfire.com,12/9/2018
39,Dudley,Goodyer,Male,47,431 548 0325,dgoodyer12@usatoday.com,12/19/2018
40,Giffy,Dumphrey,Male,70,331 614 9487,gdumphrey13@de.vu,4/15/2019
41,Moreen,Terren,Female,49,325 131 3795,mterren14@wordpress.com,4/8/2019
42,Clementine,Dasent,Female,14,881 816 3452,cdasent15@t-online.de,8/15/2018
43,Penny,Gricewood,Male,99,988 778 0410,pgricewood16@cam.ac.uk,1/7/2019
44,Merell,Magnar,Male,89,526 970 0575,mmagnar17@comsenz.com,12/28/2018
45,Royce,Do Rosario,Male,10,199 295 1615,rdorosario18@businesswire.com,8/17/2018
46,Gale,Forrestall,Female,89,583 425 8427,gforrestall19@feedburner.com,5/26/2019
47,George,McIlriach,Female,55,978 572 8930,gmcilriach1a@irs.gov,11/6/2018
48,Warden,Swanborrow,Male,86,664 940 2834,wswanborrow1b@army.mil,10/17/2018
49,Purcell,Bennitt,Male,83,857 106 3842,pbennitt1c@census.gov,11/4/2018
50,Marci,Trustey,Female,67,335 257 6210,mtrustey1d@va.gov,2/17/2019
